[
  {
    "LastDownloadTime": "2022-12-06T14:33:32.8579619Z",
    "LocalPath": "JSON\\Schemas\\001e1c1c-240f-47d2-9ac5-e5a7c202b63d.json",
    "OriginalPath": "https://json.schemastore.org/appsettings.json",
    "ExpirationTime": "2022-12-13T14:33:33.6829876Z"
  },
  {
    "LastDownloadTime": "2022-12-06T14:33:33.5341289Z",
    "LocalPath": "JSON\\Schemas\\65418ff0-bec4-4a11-9ced-59a853f12cc3.json",
    "OriginalPath": "http://json-schema.org/draft-04/schema",
    "ExpirationTime": "2022-12-07T14:33:33.6649116Z"
  },
  {
    "LastDownloadTime": "2022-12-06T14:33:32.1243429Z",
    "LocalPath": "JSON\\Schemas\\899fec52-8722-4847-92be-82b204fd5356.json",
    "OriginalPath": "https://json.schemastore.org/launchsettings.json",
    "ExpirationTime": "2022-12-13T14:33:33.0136243Z"
  }
]